left_ratio_x,left_ratio_y,right_ratio_x,right_ratio_y,left_width,left_height,right_width,right_height,screen_x,screen_y
-0.5559970796171235,0.41816128648894074,0.5046598591221632,0.3641021364175005,93.75436202858143,23.783736633485887,96.3722691237549,21.0900393246774,20,20
-0.547126255500728,0.4083267313324776,0.5071647832763229,0.3961787784590651,93.89572089069382,23.407353090733974,97.06423547918651,19.99115077623316,20,20
-0.5503442424421446,0.42307907786150645,0.5106659764120277,0.3682262328553934,95.01014141572429,22.951309612103287,95.97385421007755,20.265041950671673,20,20
-0.5592290605106264,0.4064233051709077,0.5072508205320527,0.384014019207585,93.5585697813513,23.960784346318388,97.27879670835455,19.76313560670315,20,20
-0.5552398791754355,0.42664399661043023,0.5087925629838287,0.3680755772013038,93.99475467787632,23.060544979423057,96.5386682247292,19.309863379368302,20,20
-0.5511260024190389,0.4264946624187919,0.5014756997164638,0.4089143962225292,93.60154713087886,23.91959158973356,96.71513483986249,21.70848053201089,20,20
-0.5542729025140402,0.4308373498681331,0.5108082165607981,0.35452541644072905,94.80581466104006,23.675801155787468,95.47843983049813,20.176089292552888,20,20
-0.5525897698199173,0.42327571319382357,0.4999313434230542,0.383208893737064,95.84500768246689,24.11731317380229,96.72249452761179,19.27013260681811,20,20
-0.5565291438516219,0.41995554137922353,0.5017971825047854,0.35627041638457857,93.87169899429718,22.807321633057647,95.8971471974474,20.826029603208923,20,20
-0.5515642510351735,0.4098400034796408,0.5078693608522226,0.3752828647562075,94.5945784104879,22.892127567764074,96.90050801585043,20.04797278628105,20,20
-0.5542554154921936,0.4186306521486958,0.5048336652139959,0.3803514916736602,95.31240289171815,23.579619401089513,94.45687976686227,21.807701784441125,20,20
-0.5525640449590224,0.41338511555198604,0.5286770525448932,0.3760006202312976,95.44767857035363,23.464295430184325,95.79425819681902,20.87582660026919,20,20
-0.4964985171093214,0.31798182543370884,0.5939496216713666,0.3937074114612419,93.41841187432179,20.483935766534174,98.01000445476727,21.327227436397898,20,20
-0.45899384682080113,0.41386670063667724,0.598098499053943,0.4320007671843754,96.62134384175374,21.87365467291227,98.84593609845251,23.237425545027765,20,20
-0.4690557076757478,0.44945769672811925,0.6023838294114725,0.4441806508642694,97.3399595608504,26.89641750227262,99.15876411510074,25.717140319854842,377,20
-0.48137366733094633,0.4775426733030468,0.5935835535870001,0.43327999059550865,94.71847221167751,28.255274275946885,99.36854788204049,25.69453282533692,377,20
-0.4233271463156232,0.5217888654468659,0.6089145786228742,0.48112151708565726,98.64563822406998,29.754341484053725,100.96552111730394,29.015665642777353,377,20
-0.43502915490572147,0.5151768034603296,0.6043399754159268,0.46796767128237404,97.46766430850992,30.272923897628417,101.20089146941363,27.725365152539624,377,20
-0.4275490178662602,0.5564010195438794,0.6094219790864177,0.4644767884210915,96.6711461559233,31.92821715655395,101.86188865776731,28.817407568809674,377,20
-0.4326800310092433,0.5361718244910046,0.6145634164858832,0.49030058242617225,98.27746695299201,32.04052523948578,101.73650921111263,30.68710430399249,377,20
-0.4925745439425714,0.4861886281403029,0.593875118272406,0.4291953088719603,94.77538265333905,30.31573927727432,101.06390833435506,28.873233243132052,377,20
-0.47265171362537967,0.5074848953530915,0.5957506940815417,0.44027030946604173,96.79804615370385,30.2763868973175,99.86958652227389,27.892955910197635,377,20
-0.4727060399265769,0.4975128919474028,0.5914339464398315,0.4366444971852783,92.96117686746936,29.723647975785617,101.45725426048249,29.507435240781017,735,20
-0.4798270701878711,0.5011565967210065,0.5897855921067084,0.4192285155913927,93.79762078788161,29.56046042958924,100.39981289917816,28.964658581021656,735,20
-0.49167700788716573,0.4899562564713912,0.5912671032532665,0.42892793736117024,95.15915202081015,29.468393653728572,100.1089545927987,27.743278115690202,735,20
-0.4817138666326904,0.48784322521764034,0.5862093887136918,0.42800645166673496,95.98304234104783,29.159791325137636,100.30697084287428,28.976144020943217,735,20
-0.4917328706209744,0.46638182318412413,0.590021815245944,0.42523140604978715,95.81080709974475,29.56374222829957,100.89999040254082,27.706509989971526,735,20
-0.4986506278298454,0.4286088028283321,0.5695120567332128,0.41575321338802324,94.9449911074897,28.97897728224354,99.8914434490035,27.48423980043267,735,20
-0.5117590477951078,0.44458809613241923,0.5674634186188036,0.4102218050294343,99.55076904727147,30.775208843301368,99.48229008701436,27.99826291701744,735,20
-0.5321806775230767,0.42125709739939415,0.559622230216362,0.4156429300577509,98.456524379922,29.68153482134822,99.00014054470192,27.805000792527718,735,20
-0.5336756489831791,0.4123957809269964,0.564562846878315,0.4150817546173552,97.11120578847805,29.533686757162425,98.65573888735513,27.993645079167738,1092,20
-0.5210526568712635,0.3998212995338022,0.5653960181425495,0.41719161690140383,96.95219089489208,29.930247927634348,97.98146592979606,27.239498547601883,1092,20
-0.5235775568274731,0.44271108593977354,0.5623477305750962,0.4184342719827407,98.9837249803022,29.49292144576766,98.37725746923697,27.559671060540975,1092,20
-0.5304401268924335,0.4236383073844807,0.5615216727673608,0.4176294650871093,97.79708072719812,29.741868582293634,98.95588164662672,28.155504507909054,1092,20
-0.5209407098524143,0.4256882361398653,0.5061724728727083,0.3982783879418148,96.66656996143311,30.64630406580558,97.46863005015081,27.581689594421405,1092,20
-0.5441215895154125,0.43130537654630613,0.5134108778033984,0.4323861135328892,97.39448499604681,28.68451522627445,97.56695148029834,28.880353832549684,1092,20
-0.5397495137490868,0.4439819692025492,0.5127598580688274,0.40832316658956286,94.79723835277032,29.590606602637965,97.7885818032217,28.156354858403727,1092,20
-0.5438467267640211,0.44041532349469364,0.5152259724078281,0.41504615853206217,94.7387538997013,29.08845820728487,98.03351806354735,28.905233051462826,1092,20
-0.5723987692064427,0.44904527271036004,0.487120692377994,0.3798159918702774,92.51190580423611,29.813026733325934,98.23082092722727,27.00891940644263,1450,20
-0.5775412374843538,0.43539305435762676,0.4817696621827133,0.35225733454927,93.84198574844919,30.213958688729168,96.5661395173744,25.996106172284293,1450,20
-0.5742402722330999,0.4737593666271499,0.48755449660755473,0.41047675639377035,94.67079795471277,30.063200838702848,97.79696636945955,27.620959536356718,1450,20
-0.5748682731854388,0.4558526614347744,0.48209356908795253,0.3735683654330393,92.07318788966226,29.79626445234541,97.6207582933529,26.964169843182827,1450,20
-0.5775495088428214,0.4497667618552858,0.48258299838691676,0.3963581865492888,93.89285408221366,31.649304293625864,97.01284489765222,27.379283349770517,1450,20
-0.5737003216470802,0.4648098336926566,0.4824985808393812,0.37310751110993223,93.74215979548634,31.40250950585228,97.3659078370521,26.1786381327136,1450,20
-0.5683421727407516,0.4605579965192183,0.48660133135457595,0.36201760889545226,92.68049922037845,31.00306066160472,97.51628342781831,26.13701846497001,1450,20
-0.5658492914764207,0.45718269344803464,0.4871400715578931,0.36161070148554764,92.88039363716456,31.123673005594547,97.47351172969736,26.09575657491424,1450,20
-0.5683933943493978,0.45884390564725575,0.48717103151196206,0.3728020015320076,92.60942944615331,30.550126357646022,97.49386197148742,26.97453193647616,1450,20
-0.5649570573240867,0.45716691944630183,0.4894205431855529,0.3663691906169649,93.07508729647537,31.779365894049015,98.05425957312,26.357203839882583,1450,20
-0.5699265730291829,0.4555468480299272,0.49459157803032666,0.39376380496423685,93.59200126250155,29.726535579364654,98.57057124100906,26.94989131234347,1450,20
-0.5134500358883608,0.40222181216238256,0.5680548256850759,0.40260587393918235,96.16825502545446,29.73721635338533,98.8440405568247,26.31628367859383,1450,20
-0.48721338713143386,0.42392004644476805,0.5994801390523359,0.39662822337605397,92.62918001884633,25.04294106318021,98.64313081631173,23.520771729572193,1450,20
-0.4567719972186399,0.41684312633215664,0.6058913869653697,0.4094726992205555,96.76875964854648,23.564294509046576,97.40875701780382,24.460861801489045,20,249
-0.46300278705638986,0.4538916286993898,0.6101462094959162,0.4261902088240442,93.44267159117503,25.55694176132615,98.74315967180583,23.8912148883716,20,249
-0.45828635143732976,0.46750800246982416,0.6073465128537319,0.45706191069780794,95.26809684606845,26.06752724514471,98.35437011919821,25.914727813748737,20,249
-0.4586982724872321,0.47844798550873835,0.6072112559289473,0.4709900408095692,95.87662693230678,26.751140642114798,97.42299895648928,26.412219397760907,20,249
-0.46163509391108987,0.48174283229535114,0.6085157113488946,0.4706909173577919,95.01976901241243,26.493882415174237,98.18532757467074,26.475777211872828,20,249
-0.4551483656668144,0.4793933602642833,0.6021597176508083,0.4681013025616572,94.00758635990394,26.699058176997767,98.96950860060652,26.58594052012784,20,249
-0.4526819541260111,0.4803730616756517,0.6065710144041881,0.46261503571685947,95.6360481585091,26.657203120907653,100.37133003683252,26.59287276295978,20,249
-0.4492360961401577,0.4913130393456006,0.6007875963194147,0.45929192407817543,97.33230648644324,26.93558615986545,100.15577616963601,26.59354509920497,20,249
-0.45149276129296384,0.49607435589748095,0.6005081764119795,0.4614198036817039,96.06600953234859,26.589726934960126,99.7714926463046,27.10205310412086,20,249
-0.44613386875703065,0.49440970902612724,0.6035712756140639,0.458260523483498,97.22622457132812,27.1636034616993,99.35502984471958,26.927320260469504,20,249
-0.447398310708623,0.48396154369235456,0.5959675041160131,0.43494944974039035,97.71715617643105,27.141501024128083,100.13454236417108,26.692746414721334,20,249
-0.44265316752634903,0.4874336792340994,0.5944252973502953,0.44814691345572044,97.39197572570103,26.707012995800604,100.16427069474886,26.569008925559316,20,249
-0.44086445769385735,0.4893869234493327,0.6001361189031758,0.45533263753225073,95.71850516614204,26.98003869421027,99.75344672091505,26.43600240678573,20,249
-0.44027292030942694,0.4927040779105977,0.6000211814305916,0.4515621604535613,95.89168795368577,26.643571050576867,99.51354626071681,26.203837843361583,20,249
-0.43924036707487124,0.4889856440362457,0.5945346598715067,0.46630825034706214,96.14563672853085,26.92213871248619,100.01071910599495,27.21150973173965,20,249
-0.45025931770011246,0.4999074073136266,0.5976588041687937,0.4487188918553797,95.99214842171581,26.82289456826344,99.16088136896106,26.201167757554625,377,249
-0.47107301681474595,0.5056584247341878,0.5926101725798772,0.4386803401128835,94.07140150163663,26.998279423855575,99.57656616435555,26.782840212232603,377,249
-0.4723526091697234,0.4795705082893577,0.5957910516868026,0.4430129160278754,96.80870466378762,28.26774718921277,99.80250772765375,27.0457595141996,377,249
-0.4726725109482191,0.49589604352776817,0.5933304587057013,0.4346012920210653,94.53086294505646,27.40321067371214,99.70642562658857,26.96415595604383,377,249
-0.4759706102992224,0.491619015648439,0.5923706887686397,0.44480160543712655,93.54271355222126,27.31334666404769,100.33897243378284,27.122968908210968,377,249
-0.4714345420420169,0.47643033664133555,0.5940880035469864,0.43333995396596015,95.65748962025037,26.949687574719217,99.53844788189424,27.37465262491078,377,249
-0.4736296938854337,0.4858699243033908,0.5889432390763042,0.44325964840509935,94.98701396877242,27.0550342277262,100.19655909815936,28.36591678535408,377,249
-0.47807931984000046,0.48634930504542784,0.591750511616589,0.45134275610131896,94.64153862520844,26.94908342519096,99.49456763944168,26.31926632236421,377,249
-0.4779279169552919,0.48170406375661406,0.5889988248365234,0.43618723537176857,94.80585285368429,27.130652180818327,100.29610403882697,27.394604471049284,377,249
-0.47669633145576285,0.4794215747204615,0.5874900642558984,0.42962097202639415,93.43595491661088,26.810007060204786,100.36686943616976,27.62001012487816,377,249
-0.47791595585166335,0.48780544152094985,0.5843450205959384,0.42573148449884585,93.37015910496226,26.38630799306841,100.72140004540576,27.742763578113312,735,249
-0.48547322139190774,0.47135109985233425,0.5840233215369084,0.4438999925836041,92.59547072663779,24.81322357494227,99.80750290827082,25.451632222612705,735,249
-0.4823660453197158,0.4792619398227191,0.5848298888848763,0.42161487725745334,91.85384235171459,24.9941065782714,99.37026376711516,25.725242960111686,735,249
-0.5009902634343566,0.4522904475684323,0.5730316630727251,0.39310588017251286,93.72265155992929,24.970511571812693,99.59883832217461,26.51470307432326,735,249
-0.50100245928599,0.4358832569442885,0.5814099796004482,0.3983975945606543,95.24475674000793,27.109479858144905,99.31820989442707,26.91419101931084,735,249
-0.5152761654631611,0.42831088948394647,0.5608781417680498,0.38676463386892007,96.66074166964404,27.58185118784876,99.37996708843478,26.212099916346485,735,249
-0.5098349695379375,0.4172757869474078,0.5668509706112761,0.3886344436912603,95.83219541694602,28.458134161880544,99.82982055273884,26.932402700216727,735,249
-0.5164719243276124,0.4236163535301284,0.5676585316926941,0.3882068983435979,96.0742185555268,27.148833815146773,99.2729046087816,26.6838159327387,735,249
-0.5077160140195596,0.41210373753233287,0.5656370160377585,0.3966572161940468,95.89449730092521,28.241549829330708,99.91053991883318,27.103037983083063,1092,249
-0.5197356003857854,0.41650642977799923,0.5710431932929625,0.38949256833008167,95.24874881125804,27.310893153639878,99.04543128199931,26.72018710179154,1092,249
-0.5103582971853137,0.42163444235300634,0.5633676934923131,0.4002778672588183,95.5409724700433,27.718594746475134,99.33529412259445,26.666504896719978,1092,249
-0.5115615333433154,0.40916257410983725,0.5632076646079827,0.39682616264381226,94.93650596749445,27.86071037770494,99.43341812826257,26.967076520180047,1092,249
-0.5229399277515369,0.4328237577662252,0.5479510919697885,0.4147291016473765,95.09918170530999,28.10721432223638,96.39521325862218,25.988451750695702,1092,249
-0.522696116774908,0.3944535849310507,0.5322412662076363,0.4216720680819904,96.8865498190848,27.576271583206527,97.32808808759249,26.1655403493583,1092,249
-0.5244695007673097,0.4228289566687523,0.5533376951717799,0.4406285898220261,96.18876649073728,28.01161046052375,97.23030566461314,25.678433554811008,1092,249
-0.5248850148278174,0.4065416216178541,0.5426534776091666,0.42328962584236224,98.39856099188923,26.236483560723393,96.60151896285208,25.48963225162823,1092,249
-0.5228263794568851,0.40709313485759274,0.5498141709098918,0.42425460445828295,99.18055388438658,27.231462706453982,97.0274949198202,26.022803416539546,1092,249
-0.5199326494135288,0.41859333120153186,0.5455568916855817,0.41700906851686054,98.83385413437519,26.6246485341037,96.03622907531833,25.60215098886539,1092,249
-0.5219295463617829,0.41670485851788863,0.5353032357969747,0.44158789526263315,98.23502655732128,27.201955356674542,96.05218529402416,25.96872248979389,1092,249
-0.5421627896232597,0.43495294425488285,0.5130824166603178,0.4190298985416601,96.40630972605021,26.889815899472364,95.4709961798355,26.884954431266163,1092,249
-0.534086128330617,0.4495130102421472,0.5002194667152854,0.4181020039901503,96.70101610127388,27.43643188041594,95.85369382125222,27.971873803893196,1092,249
-0.541894072566705,0.4594523768864944,0.521080794260185,0.41416268975399523,94.44182197655317,28.00201217018129,94.57305914127151,27.22095477368376,1092,249
-0.5324763703883351,0.4468705791186814,0.5099106707584246,0.4207199156556438,96.83796949312328,28.50490572884845,95.88462487177962,27.602583314359627,1450,249
-0.5406661667542334,0.45408297572154505,0.5248000236109499,0.4279170496397166,94.85326428604849,28.182998943170073,94.64141373387137,26.683425051757144,1450,249
-0.5352731305027594,0.4483988705050827,0.533214817364534,0.41321698725247896,96.31949145167798,29.409096202702113,95.24773965310604,25.66293359359843,1450,249
-0.5379234451104423,0.45625359170459734,0.507245293961405,0.428839093162928,95.63431316592327,29.514284199824136,96.34988154377046,27.791957241058775,1450,249
-0.5383687489177382,0.4626405799008435,0.5082657929062401,0.4284254703294938,93.70351543244352,28.105832600917957,95.91933665539578,27.90323219223508,1450,249
-0.5425580468001995,0.4554300723003768,0.5104092143056874,0.4258867700217083,93.99245127699365,27.25283646989475,95.45509666189618,27.615959878216614,1450,249
-0.5033186406204099,0.4208695618354276,0.563001620404845,0.3868563221719873,94.35444067277052,26.0399958933599,99.02668124959476,25.5173228912765,1450,249
-0.46640353707078835,0.44216802535263056,0.6021446489575496,0.41332701233119024,93.715457564372,23.197653858457443,99.33499137101455,24.779421835426877,1450,249
-0.46463410469528754,0.4558744998723237,0.6237590251660006,0.41595959007425637,94.62468252004167,21.952440576870007,98.30126212948743,23.0179104326262,1450,249
-0.4604662982232372,0.46094351988904647,0.6162297749048053,0.44600401383130744,93.67581510979217,22.300651382392555,98.52976085171107,23.20467588825307,1450,249
-0.46443872410200115,0.4711111487217364,0.6119261238781019,0.45968140900745014,97.36153633578442,23.826060777164027,98.1583997529731,24.892793235544545,20,478
-0.4589138019828946,0.4689011962390962,0.6150592032668634,0.44833075520095994,95.2899592101477,23.05218056245863,99.66825885574903,24.425895220484158,20,478
-0.46096825213664794,0.4620614840404059,0.6107914060586945,0.47959732237157454,97.32591869921599,23.91571221940267,101.06110885419139,25.650427913401373,20,478
-0.4608399802522495,0.5037080517133483,0.6098982011556614,0.47728613970296874,97.12541326070038,25.14443693774188,101.93434052609103,26.171432438515104,20,478
-0.4590175962464883,0.4851350655619993,0.6073178620920827,0.46146291469079914,96.47897098336979,24.54277725257489,100.57577833194604,26.00265072892411,20,478
-0.45988775373456137,0.4538129633883865,0.6091426110981115,0.41877715093384227,99.2631562863768,24.13720567744271,99.6811931222449,24.782504059816347,20,478
-0.4653553177557491,0.4609853968904651,0.6047026372787474,0.4597845171898274,97.60590874833464,23.996535084465823,99.55426958451761,25.75343378942206,20,478
-0.46554290990158903,0.46555951949665486,0.6066650958615186,0.45222484767068977,96.8799958870972,23.637293805524557,100.05224374138497,24.756199984254597,20,478
-0.46752098985124374,0.46420734187727997,0.5981333242260101,0.4316103377730295,97.48667828445345,24.111210050702358,98.49310815294194,24.65311140067173,377,478
-0.47555662873302645,0.45865293815845776,0.5949769785721294,0.43049455068252174,99.74510197421628,22.98718810650848,97.83211337739651,24.55805585843236,377,478
-0.47009372244973735,0.4645039426627565,0.6061683422028102,0.41600909392982366,96.59115303053811,24.405827644187635,101.13692102935289,25.25347744273938,377,478
-0.4586468331231997,0.5138983036037339,0.598409231965692,0.42444322242089866,93.67365087636534,23.372906010557454,99.29126408503961,25.271722520247987,377,478
-0.4590876993951916,0.5037559029102461,0.5757045990804136,0.41703102780288737,94.00385491840416,24.052416181847054,98.39514548128425,24.757687155667924,377,478
-0.4787708039833726,0.46689021848874807,0.5712470830076815,0.4095228251715318,94.57046267195872,24.716088652773138,98.18910616259792,24.70182711858922,377,478
-0.47261434210438785,0.4863457515470048,0.5824879473575104,0.4065905248411613,93.35841156451643,23.987182421727443,99.56310466984623,25.85699191232299,377,478
-0.4844101985155502,0.5003571306126572,0.58281959398391,0.40720868562957646,93.65140554924308,25.14056281567123,100.66260160481039,25.71561784761105,377,478
-0.4693458864667163,0.46013468911824784,0.5882798960174528,0.38758613932799924,92.28027406602942,26.06399978761678,100.40311175169067,26.11585093219175,735,478
-0.4716939840457544,0.46923645463717595,0.5869631375489022,0.3988140948840581,93.25961993655564,25.930624768357063,100.7217413817487,26.333895936486062,735,478
-0.47646552836931355,0.4519105534610946,0.587057191905198,0.4010750387240238,93.15888470423731,26.06255701402492,100.18667419150772,26.098775623506945,735,478
-0.4808871616240406,0.45626802097480834,0.5836797536813328,0.4115041829796589,93.41426845416461,26.04037858432711,99.68312448469113,26.087466771534007,735,478
-0.49830998075269317,0.43436455915037975,0.5684255352694866,0.38783397325691643,95.28089250095829,26.770926471417948,98.86816257432599,25.02958170257043,735,478
-0.49515350659728613,0.4359199647591594,0.5688032010087665,0.39554073530668304,94.38957202760069,26.2365250385108,100.48753385888423,25.1111909477126,735,478
-0.5089377697917553,0.42447538474191154,0.573311860962153,0.4077138588078383,98.7666057509519,26.014272857384693,100.49972333373395,24.595592959397422,735,478
-0.5131490361229961,0.4143309772637776,0.5678592722330276,0.40684537640503127,98.18353392569357,25.98996337038704,100.59390943723186,24.388924367352494,735,478
-0.5066623700228868,0.41800529905542116,0.5719045730434394,0.39903434983387187,96.9087511776126,26.14558535452594,100.89650178751815,23.652223917997805,735,478
-0.5130329024487842,0.41486248613502275,0.5680873726692761,0.39565748946882434,97.05751996451315,25.948131648854364,100.54364759199335,24.133445003526155,735,478
-0.5231427468782328,0.408120347577863,0.5658795917374014,0.3938795550892091,98.26053354969503,25.20312170841867,100.08228307101852,24.54963556280804,735,478
-0.5262070545037283,0.4330354315585969,0.5654408089716779,0.39383500139629485,96.65778272220581,25.68317792389887,98.96239126164085,24.357251431539574,735,478
-0.5269262037766147,0.4203764812672873,0.5678597463889267,0.414529423392064,96.8595701746677,25.35801713879839,100.12647678743929,24.636731973095888,735,478
-0.5288672521195235,0.41758104045906963,0.5631944623714307,0.4062302127468211,97.75999646841109,25.702741145742532,99.12160235696942,24.4643639135676,735,478
-0.5261277471166848,0.4185616041667442,0.5749832368462403,0.4030581679011247,96.86452761982169,25.363541789150158,99.7910110980849,23.697989341968636,735,478
-0.5281837222561613,0.4129910813810295,0.5670002231329125,0.41127898515201616,97.59346451973862,25.765193754990992,99.9197995584191,24.167801099885764,735,478
-0.52815885526888,0.4155682031553521,0.5662912979288551,0.4146604689199062,96.94228054476507,25.367015759746632,99.85492340945892,24.217397570754216,1092,478
-0.5293631499970064,0.4204507742410917,0.5650437961152728,0.4122300523488444,97.03207308198985,25.12219512039908,99.87386085243783,24.286002907587456,1092,478
-0.5386771259069338,0.4317316252283276,0.54615079604235,0.42217106256194953,96.80175252244132,25.49011554472749,97.78246081123366,23.867070197088427,1092,478
-0.5376253708777079,0.4260253257454422,0.5380671389343473,0.4412827130129353,95.85688137450087,25.47826207314514,96.51738055106074,24.10997380533551,1092,478
-0.5357115447277363,0.41822887107247464,0.5386761728884877,0.4328497822331171,95.64657702298246,25.33077258349807,95.93598390066603,24.083417212603067,1092,478
-0.5320865383915995,0.41793341224917235,0.5386617861110434,0.4329928653923466,95.20021835506675,25.5432162822262,95.46456104334335,23.801906150274064,1092,478
-0.5277556442880353,0.42192758534842684,0.5366557376127303,0.4336692421630445,95.0784060367246,25.983089417301713,95.34203063947001,24.190652021828598,1092,478
-0.5294606974967297,0.42115787486019196,0.5336822857815137,0.4264967233828767,95.079903608578,25.706844808929144,94.23794395619181,24.33031937145313,1092,478
-0.5286987433075837,0.4186227968834366,0.5336414146209658,0.42694041859186155,94.89895523514431,25.6793751956154,94.86578808814824,24.358560255060418,1092,478
-0.5380279937116723,0.4234511315490418,0.5197617338537976,0.43646125391098556,93.31267286546127,25.80340885497025,93.99378010180644,24.615093478980434,1092,478
-0.5389278294644576,0.4191566679661916,0.5080778640531122,0.42862797413632114,93.43876440435757,25.14861621003911,93.30911270084093,26.227814116145474,1092,478
-0.5364952917276035,0.4173690797076339,0.5217147602509442,0.4165630819131572,93.27667269249271,25.473490726815175,93.98191746857007,24.63436477237389,1092,478
-0.5493305562747739,0.419280916009768,0.5174657854186574,0.43153457659996136,94.61422946712977,25.133026575547987,93.27407755041861,24.160994056399517,1092,478
-0.5457707767690789,0.42992859063872146,0.524782580645744,0.4462632002083761,94.42164346911362,25.384250298231375,93.30798997867998,23.868447796367505,1092,478
-0.5437012578479095,0.4315571984919738,0.5204168414537469,0.4406980717088548,93.83849408632241,25.47252437391255,93.36198735998968,23.92942603945893,1450,478
-0.5419127229721451,0.4268751953637464,0.5172830780994669,0.43448825610189623,93.81443033779941,25.593417785315577,94.16120929774459,25.09815441687385,1450,478
-0.544100962481509,0.41962145372255216,0.5131624536039657,0.4315603434759266,94.67713417631188,25.431717525512926,93.43740937147608,25.708464435951836,1450,478
-0.5439951757809239,0.4475353650481425,0.5229919178565846,0.41120805081916884,95.15983457383919,26.354028318458653,94.11127584385504,24.617187207477265,1450,478
-0.5445325673508336,0.4455339361528438,0.5167376534688991,0.4267568590594311,94.60608473500665,26.71616233180058,94.11930125654875,25.260817618854897,1450,478
-0.5518293893316427,0.4694339308074784,0.4987929464605799,0.39075277874819364,93.63559924182081,26.41118698456532,94.6681600469899,25.08231647351237,1450,478
-0.5529460327013117,0.46504261600057545,0.49392013256456163,0.40424853463494553,93.94560544945351,26.748067041189852,95.25039792989965,25.582096635572675,1450,478
-0.5486781400753717,0.4616337818899452,0.4982930257280485,0.4057595566396686,94.14949911639047,26.85187455747485,94.84306118120482,25.470965765476894,1450,478
-0.5479752196458704,0.46175515767249575,0.49675090553945106,0.4073539357122192,94.05651923088085,26.9039259341597,94.78363129335786,25.545576710906865,1450,478
-0.5466881697365785,0.4561272855994786,0.49581529423554016,0.4077755928454531,94.30024755661414,26.93075483135788,94.77760780343348,25.65034635062996,1450,478
-0.5483059572679737,0.4593264856395901,0.4942443869591489,0.4083223998732657,93.8953214401483,26.844929033600256,94.85818461920306,25.868082785204113,1450,478
-0.5471676755099538,0.462226901064279,0.49229379696093245,0.40971670940095944,94.07852261010616,26.93579590032108,94.64869019551786,25.69080910825842,1450,478
-0.5476323250204016,0.4687557046778025,0.493652733184424,0.4042275202633586,93.85450776060235,26.76607745563329,94.4333453843526,25.567501612583577,1450,478
-0.5310486598517365,0.39453320185712054,0.5569623445155347,0.36459481721031173,95.2771264460903,24.865799059942105,96.9427368136666,22.4994482456592,1450,478
-0.5248773347062893,0.3128312111882585,0.5983162835869446,0.35755687822259075,95.23578752207688,20.25078399851292,97.41539530853586,21.193266940397677,1450,478
-0.47921749242055506,0.37877817554898047,0.6050939223450992,0.4372333386341491,94.44947552246548,21.395234198810396,98.7901146684141,22.815196368579848,20,707
-0.47201456877285103,0.39444510492143886,0.6186200266954399,0.4362147030814642,94.93308503344076,20.752211866398305,98.21990980025306,23.161846597498972,20,707
-0.4727606556730627,0.4175808201797566,0.6205065442394357,0.43510091933014805,96.25819568832718,20.864536518130986,98.11845036798158,22.567347575775685,20,707
-0.4767767995168345,0.39405515768369137,0.6150721125359385,0.4263714676731493,94.1015114953902,20.400939424365838,96.98019073744024,21.73640561727875,20,707
-0.47347134701769616,0.4143275237802896,0.6136130707996533,0.43405689452465074,94.82154906066705,19.98165409137011,97.25405784823789,22.484445610800257,20,707
-0.4668735665442181,0.41933526619850914,0.6089960533255555,0.4438990117143004,94.61201374941321,19.80075177109342,97.14443228924065,22.642849242251856,20,707
-0.47029298478483056,0.42340253637216185,0.6103562697618216,0.4276318009412725,95.12328397017609,19.868094028556754,96.91012759248642,22.881129197573117,20,707
-0.46588338496038756,0.42126424436443777,0.6071072307046385,0.4440276380766653,94.60197068816355,19.864268093751175,97.12866369528386,22.74980565758214,20,707
-0.47130185054868856,0.42594182615821213,0.6102080659715369,0.4279467365397736,95.44937273436544,20.55049182936586,96.84401848509752,23.270131617267076,20,707
-0.4724451224969178,0.4304745385361897,0.605951282443794,0.4245988940727431,95.3951020065197,21.943599325120854,96.83688768286366,22.118692739280586,20,707
-0.4711503405022128,0.42618773433112517,0.6113127551961292,0.4253710875577332,94.87015293410046,21.030583966928244,97.36691481890335,23.302981421923498,20,707
-0.47027110178054476,0.4162661655465521,0.6046440256846064,0.4324696215471232,94.95785135648406,20.140200795127143,97.02278218832367,22.90351861358941,20,707
-0.4737413380827574,0.41551261940121786,0.609418073388911,0.4247063800592359,95.23856738509055,20.39021146234985,97.60315204825038,23.307168347498095,20,707
-0.5040423857438309,0.40220308457506665,0.6029917979410763,0.4067208112959196,95.85936781276645,22.577597986484093,96.94207564489957,22.72914368602172,20,707
-0.49730263161777566,0.3989984067892055,0.608422065431335,0.3988912443206856,94.0924658400963,21.835446604759568,98.65882646392818,22.230722337367776,20,707
-0.4991407788393897,0.41211013726829315,0.6098339621186767,0.4062756153159162,95.87661909660945,22.438310095951103,99.11499062625542,22.24654556641165,377,707
-0.5066005928699645,0.4062967797404804,0.6043359473570692,0.3839532967314619,95.44431417807833,22.80103022950429,99.07687508072168,22.03903917026175,377,707
-0.5125613447722664,0.4085280120843518,0.5953641002138099,0.41150996271753426,96.14822629310046,22.470866376651415,98.60561864795076,22.37921053549435,377,707
-0.4968278515835548,0.36978060948071073,0.5836530663508711,0.4088414683643746,94.3594014983686,21.08962244014862,99.0174914168113,22.470957848820692,377,707
-0.49483829211263375,0.404460379506931,0.5895918635845668,0.41322328673807374,93.33162710708609,21.930828067143793,99.34369641961773,22.179554003928505,377,707
-0.5100221860739341,0.39198794534840464,0.5966895026741318,0.3992209664312812,98.21273803713046,24.2900654533228,98.31351677834768,21.84020456512821,377,707
-0.5048503837645802,0.4049388061911387,0.6074698183313374,0.39102770879489684,96.37613555802632,23.696029305000906,98.19141833734288,21.819589172654563,377,707
-0.49995442710142807,0.39928085433699373,0.6022980933591824,0.4056601148893424,94.96543518027109,21.9657454604989,99.16356883893539,22.110345974179246,377,707
-0.5033927006004616,0.4060876726397757,0.6029425738521358,0.40395555319144666,95.86987020973402,22.596074350161324,99.53341234524915,21.735454548657675,735,707
-0.506358904906414,0.39920308598247994,0.6040663321516289,0.42074152523686464,95.97476941215339,22.5640836009795,98.87443134787787,21.836929757425292,735,707
-0.5067850682918114,0.3889247989056859,0.5952115969353763,0.41132402549352853,95.75032993267956,21.85398208518376,99.3711198858995,21.787576921776093,735,707
-0.5142159265894684,0.39240584196508693,0.5885138185258314,0.40961848768457243,96.39056403921086,23.215772875003527,99.87628197032656,21.925440428455364,735,707
-0.5285467458879805,0.36167359627152595,0.5859278635261451,0.3677587609107159,96.13572638013358,22.052704930423083,98.91568929202765,21.616040208826877,735,707
-0.5165440843904574,0.3839450835448323,0.5791336526075506,0.38044227791774765,96.97236926396272,23.803482953689368,99.32858890933664,21.367638991493706,735,707
-0.5226711360088846,0.37268034740428424,0.5803537836992906,0.38026280418584757,94.77356717700498,21.869152169581596,98.83600251012037,21.65061232229382,735,707
-0.5214469421545368,0.37369702003564725,0.5801237763559304,0.37557949819308994,96.85199693405254,23.431999257622497,99.39144412762134,21.526545054527553,735,707
-0.5291258595795372,0.35053665168063125,0.5603253683761192,0.357969393805749,97.8633985915392,21.900513897563556,98.2733994267221,21.26954814421486,735,707
-0.5294918378082862,0.3647940327371873,0.5819696619743758,0.3404030794687348,97.98757508818461,22.25722860438001,98.0326049292188,20.94694887599411,735,707
-0.5255573646843608,0.3779730412630335,0.5848726857332088,0.3559060577510875,97.84251076511761,22.880789591954372,97.69981383728678,20.991866015575155,1092,707
-0.5282498716234395,0.3797384092062148,0.5862035728814016,0.3792469416147318,97.77221311644116,23.455717318482048,97.17325665844042,20.929334333255074,1092,707
-0.5334756675952009,0.3742182449309035,0.5648885766744925,0.33618757680498973,97.97297305085189,23.86003182582625,96.12846585267116,19.732341524068417,1092,707
-0.5574275409398604,0.4174698755153635,0.5236204356579172,0.38544439675529013,94.86907144929516,24.454413685626967,95.98783565164966,19.833089412797015,1092,707
-0.5532385342107257,0.3944772512178048,0.5209447597760273,0.39890073609736926,90.4003732170497,22.177252660321432,95.35499049562263,22.42206945831769,1092,707
-0.5549331910636346,0.39740967484535017,0.5199442445492504,0.40250264595650936,95.06287369953058,23.150072416707456,93.73738260667028,21.740663850255466,1092,707
-0.5498482577707309,0.3996233062683709,0.5195135273083176,0.38229406073756206,90.90125967502013,22.603662648344105,94.95991815984996,21.377629170867902,1092,707
-0.5600575918181272,0.4256690187839086,0.5191018537493959,0.36408294220069637,92.9491636683856,23.325234470476637,95.36745850923353,21.623522046678517,1092,707
-0.5463485072228308,0.40527082342800824,0.5090893370229436,0.355867760106857,90.46785082563632,22.306943346473528,95.91590663707727,21.228378014228777,1092,707
-0.5540780790481681,0.40687697687098456,0.5210452540045754,0.3693379480540581,94.71563734950652,23.36197150910233,95.20701339149005,20.935551428018186,1092,707
-0.5578808781402428,0.436988055194345,0.5212389156286543,0.35160570009660075,92.24902373637485,23.787437234962404,95.25089965144443,21.052344722720804,1092,707
-0.5541353085049068,0.3866942796286018,0.5324660655139621,0.38892640348979496,93.61841584294872,23.23189440351859,93.36631352786004,22.142383952354894,1092,707
-0.5546547200557425,0.389778627407869,0.5287728869715862,0.40203822914521475,92.21426883851846,22.797356774124676,92.90122623062487,22.844803842010062,1092,707
-0.5548949021017612,0.391288227079126,0.5366919276705889,0.40317663391928615,93.21183941266392,23.223350732729344,92.96849193262707,22.471508281876353,1092,707
-0.5547695942852736,0.39468180937975605,0.5294071013349723,0.3990198174199318,92.05304364433619,23.033782267156194,93.6721151989627,23.012775031313808,1092,707
-0.5529878489195346,0.39375281032026405,0.5346039599618218,0.3983413761209212,93.52842968448077,23.63694895384327,92.92957558255236,22.72747150355494,1450,707
-0.5563121000288044,0.3926128371848066,0.5308858980544521,0.40093098600046834,91.82403346914268,23.18976025795698,93.73712474514251,23.0931787913174,1450,707
-0.5558956136230255,0.39895366224104484,0.5356593291473289,0.4046457276801986,92.64579048240122,23.24990982879952,94.84896353547943,22.79765849002381,1450,707
-0.5545409163045196,0.39911282889601574,0.5323041511566765,0.3844522161375404,92.84384367369242,24.26015354142267,95.36747622331066,22.51075154680773,1450,707
-0.5512644903946711,0.3760659218292181,0.5414052926781989,0.4028278131560718,93.09536937425285,22.96635438182876,94.24246405691595,22.41793715520363,1450,707
-0.5544729349529288,0.39209519226262085,0.5333392433141166,0.4053515223130814,92.65161731082152,23.449894889864417,94.16316115533641,22.63202875069811,1450,707
-0.5550027847293691,0.39523649452459086,0.5348970139128224,0.4002780067751014,93.52518529535091,23.84431941955667,93.97001837582623,22.46328401660172,1450,707
-0.5550174729400419,0.3985450005299178,0.5312611593707913,0.39808723912716293,92.73123699150088,23.585322131826562,94.54570757389315,22.81038216724564,1450,707
-0.5574664603297611,0.40258658902639516,0.5291242426596878,0.3733958310322064,92.8738277926874,23.95840092249551,94.72596271860446,22.231522854466427,1450,707
-0.5564742170469335,0.37341778935905556,0.5278651663497428,0.39454520228845735,92.8748044362176,23.454347891518417,95.68317009676578,23.16412560922931,1450,707
-0.5513373244021844,0.37804908290614364,0.5370048614831614,0.3778124176326011,93.85803252037634,23.581303836993822,95.44499263427113,22.338133728962823,1450,707
-0.5231776706004214,0.3693665050356805,0.5875212904260427,0.3912965044817656,96.58683237879127,21.683683314491084,98.00092358798247,20.977433584936218,1450,707
-0.4728116142574388,0.38399196837032007,0.6044481196116387,0.46997486204570466,96.38735919865681,20.29670013542967,100.28213646336376,23.98625790840506,1450,707
-0.47501654748788347,0.4136331753520084,0.611368028020009,0.485942272081779,94.8284643132957,20.189655737699017,99.63113908173104,23.960336971171166,1450,707
-0.46382551281397594,0.38993719450595576,0.6111353534900983,0.47184422368599016,95.39105366131348,21.790969245477275,99.00242723038065,23.956714381375086,1450,707
-0.46619670836795885,0.3992866206441624,0.6068226361304097,0.4618594336422507,95.86826590363896,21.310874763291956,97.89406572039334,23.528529402584553,20,936
-0.4704539147131173,0.41641171702076996,0.6079350556527624,0.46663129859967645,95.69888575216845,20.47279489697268,97.9553251955132,23.41511428441046,20,936
-0.4615390379141285,0.41091283542069934,0.6092872039056014,0.4659205438764185,96.13389407629116,21.337366933192328,96.95319635844109,22.911445030349086,20,936
-0.46914565150518345,0.4158844017774792,0.6092648233134988,0.46467000752189325,95.68803271788953,21.035550404390587,97.07490567843728,23.108176655833518,20,936
-0.4641606405260718,0.4377546371144364,0.6142180000363938,0.47536750089901325,95.00018031145449,20.87942953791152,97.86796631971964,23.537570021098826,20,936
-0.4600599954398306,0.4051036527804378,0.615540917968217,0.46116702194099557,95.49931268984207,21.373841612533255,97.5479365321838,23.13923164679105,20,936
-0.4625934990213546,0.4452848331528234,0.6138029702136621,0.49015596766873765,95.30729550266041,21.448235185136856,97.68299850871082,23.209463299725538,20,936
-0.4592907208849942,0.435283314359217,0.6198728862641109,0.4861063562954093,94.57002485049424,20.791077792548602,97.39460725570335,22.763727777884657,20,936
-0.45955713287149447,0.4428929832565771,0.6162451833831323,0.4899512055412506,94.32756137445803,20.96131408255741,97.45725467909948,22.590872424327458,20,936
-0.46677362214410467,0.44748630617324864,0.6175276094539996,0.4888639568378932,94.83981192174743,20.604167396102472,97.14163296099221,22.875766841172698,20,936
-0.4594366086419676,0.4422135175910227,0.6151900149241895,0.4646658790862922,94.0081889762729,20.927287015043515,97.1844626218613,21.92846967847833,20,936
-0.4613799036218583,0.4360811620756476,0.6115592823910782,0.4051574189338295,93.90392972744706,21.098905497711517,96.93693814013922,21.659061835609485,20,936
-0.46158882262048007,0.4323480234707382,0.6082499879092581,0.4493181595076992,94.2253867154444,21.0644480713872,97.65493490636224,22.423483380250257,20,936
-0.4665890346313502,0.43928227061354636,0.6116094914467384,0.46846006856453726,95.05306846086854,20.82997345722426,97.43269211925428,22.76759174133631,20,936
-0.4696537643436071,0.43034912122304386,0.6084001806023631,0.40854815723879606,93.81570248612485,22.453491571917052,97.35845651493779,21.828940248843672,20,936
-0.4731912778463381,0.42462998919500755,0.6097574501770422,0.4441341712157168,96.13903572943185,21.22021981477323,97.59818895542232,22.234738030391842,20,936
-0.46620658831254774,0.4341302970560095,0.6051788683327226,0.45412186181311626,95.2092269758314,21.945648250128073,97.66092065025497,22.23646817979375,377,936
-0.47609413027583986,0.40307703646650195,0.6158667970477727,0.46186801282618156,96.66795211173212,21.247659413533945,97.79066041827313,23.069268705719995,377,936
-0.48030733091740535,0.4227766464294082,0.6157198485004459,0.44093816719178186,95.99202002786734,22.711469994774866,96.70921628010325,22.658245534402802,377,936
-0.48793232045493695,0.4187653009645647,0.6097370022549146,0.46490065894644156,96.49974070855824,21.181830002446105,98.52320256985978,22.512800119971224,377,936
-0.483630522781163,0.4038178038723375,0.6123919740546574,0.45536576442011684,96.47285838122608,21.49992646655713,98.64510340414832,22.97811646891242,377,936
-0.48462328552234024,0.3986612350030425,0.6084497178041388,0.4707373385363375,95.71616025387235,21.04880989296009,99.44430419665487,23.061544013666516,377,936
-0.482561185156099,0.39892115598857886,0.6141149701330547,0.466435379097716,96.58027544490632,21.552440397419726,97.94662682477296,23.142579824901322,377,936
-0.4751261444104481,0.40751495065375826,0.6117494589092597,0.4559862155130333,96.35667240765048,21.360789642116394,99.07028548997889,22.566953635221978,377,936
-0.4772946529264946,0.39867241738578557,0.6099721396200735,0.4520884710889482,96.44003196399001,21.443171316789435,99.47358740212631,22.596772218611786,377,936
-0.4798108170969376,0.39628428599151627,0.6142982850443898,0.45060347597174166,96.49062375407263,21.86007839189574,99.21103318251971,22.400808298526822,377,936
-0.4774001266014014,0.4053226082210985,0.6101158743228118,0.45186805334894226,96.47769550917786,22.199590328590247,99.25282662882537,22.241245775808064,377,936
-0.48603471008327004,0.38414212600073044,0.61368882860448,0.4413548632799172,97.05026992126986,22.240524482140312,98.58732153197495,22.071380387452677,377,936
-0.47903055323019306,0.4028354438206719,0.6109007293652445,0.4415809338850947,95.74259528579984,21.770802785681784,99.33362407586264,21.949434883006173,735,936
-0.47910373078354945,0.40089716138670506,0.6094373887986693,0.4465213339056811,96.18360592415331,21.646603662920015,99.98093716725461,21.84728763690694,735,936
-0.4799807917437422,0.40036764214078,0.6132783516187317,0.4470269524176096,96.48566116539752,21.828139391970712,99.19912775445727,21.90005020437203,735,936
-0.48070177147587634,0.3874817767862682,0.6157720079322754,0.43369570933301105,97.27513600923342,21.84216867122607,98.68348103806302,21.755534008050805,735,936
-0.5020668807958999,0.3701179962510947,0.5932831239366803,0.4305987801328281,95.37368463214219,22.032380688608605,98.84423457531459,20.708107556791273,735,936
-0.505714747331172,0.3589860192044028,0.5902371363109574,0.4131869143282727,96.60889810404271,21.69329614594628,98.56326169218057,20.761422645090427,735,936
-0.5068702563990767,0.37155120595039937,0.5843280142071581,0.4056730835228505,96.3695810128612,22.00196894086526,98.81909805801848,21.078206144588275,735,936
-0.5209993543866073,0.3966662223257931,0.5689595838650255,0.4181271523016768,97.35880961473394,23.375220798293345,98.59131717480265,21.540235823052743,735,936
-0.5277980086945138,0.3917746775646515,0.5619915732292318,0.42217855608410765,97.41630172704443,23.282093190567863,98.48542099401608,21.541201896257938,735,936
-0.5285687506546378,0.38130555564843194,0.552906023598974,0.4109295963022257,96.37508246657218,23.312213992347765,98.04637975743974,21.762277251045905,735,936
-0.5299436565941086,0.35849673109508845,0.547464329902939,0.40435589145978923,95.46618223155748,22.039654318672838,97.97679710788967,22.336243585831063,1092,936
-0.5526585172691915,0.3933172869502922,0.5305695173627969,0.39876662319057443,95.25182989492103,22.72923907300007,94.84366839036473,21.375954852446778,1092,936
-0.5484265888816617,0.3624656961743542,0.5198775948949206,0.41110656602319934,92.34928069069514,21.52251320785497,95.64780546478895,22.378465259584637,1092,936
-0.5455253716070388,0.4371025918244429,0.5237353626229503,0.38974185622329716,91.80273109316634,23.943645194877917,97.09996030757769,21.173425317651837,1092,936
-0.5505070881200831,0.3794155812053075,0.532344411682399,0.3905618670288731,93.24247372633005,22.45735378095378,95.96090478786857,21.865228202998807,1092,936
-0.5364848273902694,0.3861629662770927,0.5218039094251556,0.42720404837931986,90.49354211779263,21.60020171780025,96.04214304499655,23.439421633371335,1092,936
-0.5531782213901635,0.41990263090799274,0.5243509461187286,0.4160756796842806,93.92024088521677,24.237308280457164,95.3966509033218,21.688987087506614,1092,936
-0.539020968815471,0.3894238518327604,0.5267615243380345,0.42578395119150075,90.25725093626225,21.572235414248954,96.2781730703739,22.40486140062351,1092,936
-0.5479049250974362,0.38550078503486523,0.5263352202043321,0.3979363130608652,93.1154080179965,23.21631902616135,96.10610920494665,21.746517414762735,1450,936
-0.5491545465215971,0.36790037022083283,0.5137460563231172,0.37024327395419154,92.31907742947256,22.391253711699708,95.53745960466809,19.79960440188166,1450,936
-0.5520604868751954,0.38103736299290536,0.49701278675752364,0.4029796075512359,92.29591985263457,22.33457059080765,95.79770868240306,21.590332634173972,1450,936
-0.5543973637617466,0.39454370723765236,0.5030199765076834,0.42687389046793495,91.65978771405037,22.294091039186792,96.09447486820501,22.02041674944254,1450,936
-0.5582370323320459,0.4014749712857493,0.49899908433804513,0.4181804689459653,92.29820622640312,23.001760313923075,96.3516321567675,22.115365146812653,1450,936
-0.5633386547183804,0.4369309264252754,0.4999283424490039,0.41235082999883027,92.51668540961522,23.14376891626163,96.29523366670306,21.384256170078917,1450,936
-0.5535728530039232,0.3884175475253747,0.5062255175620367,0.42790914424654897,92.38332295503784,22.40507351891712,96.20306640617224,22.112012116432638,1450,936
-0.5558381727694408,0.40545335275327193,0.5040335850733916,0.4103602089873583,91.89810516073277,22.28832760646355,96.3830299355521,21.690507875317135,1450,936
-0.5654865797755116,0.412223850981055,0.5096113340379796,0.41799485465875064,92.87976167249688,22.69868609097799,95.91961212726684,22.088224630461497,1450,936
-0.5517446364958573,0.4097196155967887,0.5025290023204814,0.4195414883381453,91.73428409274091,22.328055883478175,96.5376975953085,22.576046465115365,1450,936
-0.5638019632085051,0.39988372763772445,0.5049806780742968,0.4094437595648957,93.15200499799442,22.789200469569384,95.91399705766563,21.942500814936977,1450,936
-0.5528923367052803,0.399767917386431,0.500840713912464,0.41681406722281955,92.14370615953578,22.519481794441305,96.89922000312448,22.421995790768655,1450,936
-0.564678861094023,0.4035579547621087,0.4994208320046759,0.4124865355592585,93.06946488879541,22.84523089654354,96.76178663947611,22.190142062298914,1450,936
-0.5429616386088532,0.3903616104805135,0.5278239956898302,0.4090520354533628,93.47954323123463,21.975058979795712,96.38834874782805,21.404531245317003,1450,936
